{"ECS":{"DisableConfigLog":true,"CacheExpiryInMin":720},"ODSP_Sync_Client":{"Ramps":{"1965":true,"1757":true,"13":false,"14":true,"12":true,"0":true},"RampExperiments":{"1965":{"type":2,"id":1137036,"name":"ACMBodyClick","slot":1},"1757":{"type":2,"id":1115080,"name":"KFMOptOutExtendedBehavior_V4_ECS"},"13":{"type":2,"id":77066,"name":"ACFooterGoPremiumDimeExperiment"},"12":{"type":2,"id":45328,"name":"ShowKFMinFRE_v2"}},"Settings":{"0":"Prod"}},"Headers":{"ETag":"\"TrXoehIbG01X7/nIOjuDYBI4W/h+us9eIwiRniBtT4A=\"","Expires":"Sat, 07 Oct 2023 01:54:05 GMT","CountryCode":"US","StatusCode":"200"},"ConfigIDs":{"ECS":"P-R-54894-1-3,P-R-53736-1-8","ODSP_Sync_Client":"P-E-1137036-T2-7,P-E-1115080-T2-10,P-E-77066-A2-7,P-R-80526-3-4,P-R-69229-1-2,P-D-27657-4-3"},"EventToConfigIdsMapping":{"ODSP_Sync_Client":{"experiments":"P-E-1137036-T2-7,P-E-1115080-T2-10"}}}