{"ECS":{"DisableConfigLog":true,"CacheExpiryInMin":720},"ODSP_Sync_Client":{"Ramps":{"1907":true,"13":false,"14":true,"12":true,"0":true},"RampExperiments":{"1907":{"type":2,"id":1146360,"name":"VisualStateProvider_Win","slot":5},"13":{"type":2,"id":77066,"name":"ACFooterGoPremiumDimeExperiment"},"12":{"type":2,"id":45328,"name":"ShowKFMinFRE_v2"}},"Settings":{"0":"Prod"}},"Headers":{"ETag":"\"SokUw3sbLAyUrs9Oym+yeGouUbhpA24NTs2g0fHgSak=\"","Expires":"Wed, 13 Dec 2023 06:12:52 GMT","CountryCode":"US","StatusCode":"200"},"ConfigIDs":{"ECS":"P-R-54894-1-3,P-R-53736-1-8","ODSP_Sync_Client":"P-E-1146360-T2-8,P-E-77066-A2-7,P-R-80526-3-4,P-R-69229-1-2,P-D-27657-4-3"}}