{"ECS":{"DisableConfigLog":true,"CacheExpiryInMin":720},"ODSP_Sync_Client":{"Ramps":{"2984":false,"2355":false,"2795":false,"13":false,"14":true,"12":true,"0":true},"RampExperiments":{"2984":{"type":2,"id":1276788,"name":"KFMShortcutFolderIconExperiment","slot":7},"2355":{"type":2,"id":1271629,"name":"AccountTransferExperiment","slot":4},"2795":{"type":2,"id":1266791,"name":"ProjectMercuryMusicVideosV2","slot":1},"13":{"type":2,"id":77066,"name":"ACFooterGoPremiumDimeExperiment"},"12":{"type":2,"id":45328,"name":"ShowKFMinFRE_v2"}},"Settings":{"2728":"1,0","0":"Prod"},"SettingExperiments":{"2728":{"type":2,"id":1256751,"name":"Campaign50GBToast","group":1,"slot":4}}},"Headers":{"ETag":"\"6XBzWw5nc0m7SQLspSl0bCf9riwxOn1g6sPI0bCYPQo=\"","Expires":"Thu, 11 Jul 2024 04:53:39 GMT","CountryCode":"US","StatusCode":"200"},"ConfigIDs":{"ECS":"P-R-54894-1-3,P-R-53736-1-8","ODSP_Sync_Client":"P-E-1276788-C1-7,P-E-1271629-C1-10,P-E-1266791-C1-5,P-E-1256751-T2-8,P-E-77066-A2-7,P-R-80526-3-4,P-R-69229-1-2,P-D-27657-4-3"},"EventToConfigIdsMapping":{"ODSP_Sync_Client":{"experiments":"P-E-1276788-C1-7"}}}