{"ECS":{"DisableConfigLog":true,"CacheExpiryInMin":720},"ODSP_Sync_Client":{"Ramps":{"1563":false,"1587":true,"13":false,"14":true,"12":true,"0":true},"RampExperiments":{"1563":{"type":2,"id":1103196,"name":"Trial100GBExperience","slot":1},"1587":{"type":2,"id":1094155,"name":"KFMOptOutExtendedBehavior_V3_ECS"},"13":{"type":2,"id":77066,"name":"ACFooterGoPremiumDimeExperiment"},"12":{"type":2,"id":45328,"name":"ShowKFMinFRE_v2"}},"Settings":{"0":"Prod"}},"Headers":{"ETag":"\"edIqVikK7DK1jbSgkchiZkIgzZptkWs/tYi8HPvdyZw=\"","Expires":"Sat, 08 Jul 2023 04:09:11 GMT","CountryCode":"US","StatusCode":"200"},"ConfigIDs":{"ECS":"P-R-54894-1-3,P-R-53736-1-8","ODSP_Sync_Client":"P-E-1103196-C1-10,P-E-1094155-T2-7,P-E-77066-A2-7,P-R-80526-3-4,P-R-69229-1-2,P-D-27657-4-3"},"EventToConfigIdsMapping":{"ODSP_Sync_Client":{"experiments":"P-E-1103196-C1-10,P-E-1094155-T2-7"}}}