﻿<?xml version="1.0" encoding="utf-8"?>
<root>
  <update throttle="100" rescan="1440" currentversion="24.055.0317.0002" maxapplicable="24.055.0317.0001" minapplicable="16.000.0000.0000" maxrandomdelay="360" absolutedelay="4320" useractivedelay="7" maxidlechecks="6">
    <binary sha1hash="DJ0rWILEtATxyQ0mCLb7vi6f0Ig=" sha256hash="ML04ppe7iMxdCLNZUikBHqW85XUsUur9qUR4+hcXPzs=" url="https://oneclient.sfx.ms/Win/Installers/24.055.0317.0002/OneDriveSetup.exe" />
    <amd64binary sha1hash="HJ75Q9Y+KxZ3HoBntRrdI/2WvF4=" sha256hash="oGGk255s9XOenaojXMxEXV/rtp5xgYLT+MqoAA9Wr5A=" url="https://oneclient.sfx.ms/Win/Installers/24.055.0317.0002/amd64/OneDriveSetup.exe" />
    <arm64binary sha1hash="+7DHDLjT/5lVQbK5wYaiu3VBARA=" sha256hash="XLZuL6/5XAKVyIcfUNx7CkIrdoo8SyGEn2EM7v/9pxg=" url="https://oneclient.sfx.ms/Win/Installers/24.055.0317.0002/arm64/OneDriveSetup.exe" />
  </update>
  <update throttle="50" rescan="1440" currentversion="24.062.0326.0002" maxapplicable="24.062.0326.0001" minapplicable="16.000.0000.0000" maxrandomdelay="360" absolutedelay="4320" useractivedelay="7" maxidlechecks="6">
    <binary sha1hash="5YSlXs27LIo83znajEgEG9UwEE8=" sha256hash="oKCEGFanJFUlfoIPnia9uCGfZnhuLAOgV8r6/qa0IlI=" url="https://oneclient.sfx.ms/Win/Installers/24.062.0326.0002/OneDriveSetup.exe" />
    <amd64binary sha1hash="pwGHND0CAVym+kIyfCHOfF91cr8=" sha256hash="KgPYbjE/o7Ni8Ao1mBqU7RDQRjiSKh3diQcakfjJZ5M=" url="https://oneclient.sfx.ms/Win/Installers/24.062.0326.0002/amd64/OneDriveSetup.exe" />
    <arm64binary sha1hash="ILSX5BBmdJ1W8L+ZR+G270pJ9rY=" sha256hash="Aruw1mAeZYula4i4jN4UnDatAqtXoqis5/me4z0Lucs=" url="https://oneclient.sfx.ms/Win/Installers/24.062.0326.0002/arm64/OneDriveSetup.exe" />
  </update>
  <update throttle="10" rescan="1440" currentversion="24.065.0331.0002" maxapplicable="24.999.9999.9999" minapplicable="16.000.0000.0000" maxrandomdelay="360" absolutedelay="4320" useractivedelay="7" maxidlechecks="6">
    <binary sha1hash="JtIpXQy+90W3HE736K9StFOnds4=" sha256hash="oesXAyWunJWFw68ibYErVtGXj0hrAOCa0MrhcBaSI48=" url="https://oneclient.sfx.ms/Win/Installers/24.065.0331.0002/OneDriveSetup.exe" />
    <amd64binary sha1hash="ZOJKF42+I98PiiGwonvx3ZIUpwE=" sha256hash="yIOYktmolsE87zqeUug+DCCQZkcYjHigX+yYum47AOo=" url="https://oneclient.sfx.ms/Win/Installers/24.065.0331.0002/amd64/OneDriveSetup.exe" />
    <arm64binary sha1hash="OOWCrPeVM0B0q20wEmKdxi8/AHM=" sha256hash="N8onlVvcOvaD1Eyr2DRB9+quiLWxlY1TFgfbEtKNKmI=" url="https://oneclient.sfx.ms/Win/Installers/24.065.0331.0002/arm64/OneDriveSetup.exe" />
  </update>
</root>