{"ECS":{"DisableConfigLog":true,"CacheExpiryInMin":720},"ODSP_Sync_Client":{"Ramps":{"1757":true,"13":false,"14":true,"12":true,"0":true},"RampExperiments":{"1587":{"type":2,"id":1115080,"name":"KFMOptOutExtendedBehavior_V4_ECS"},"13":{"type":2,"id":77066,"name":"ACFooterGoPremiumDimeExperiment"},"12":{"type":2,"id":45328,"name":"ShowKFMinFRE_v2"}},"Settings":{"0":"Prod"}},"Headers":{"ETag":"\"C0ZC4oFVvvtvm9oKyUcuGYUOIhQD+Fc9UPeuDe6hOB8=\"","Expires":"Tue, 22 Aug 2023 01:41:20 GMT","CountryCode":"US","StatusCode":"200"},"ConfigIDs":{"ECS":"P-R-54894-1-3,P-R-53736-1-8","ODSP_Sync_Client":"P-E-1115080-T2-7,P-E-77066-A2-7,P-R-80526-3-4,P-R-69229-1-2,P-D-27657-4-3"},"EventToConfigIdsMapping":{"ODSP_Sync_Client":{"experiments":"P-E-1115080-T2-7"}}}