{"ECS":{"DisableConfigLog":true,"CacheExpiryInMin":720},"ODSP_Sync_Client":{"Ramps":{"2157":false,"1907":true,"13":false,"14":true,"12":true,"0":true},"RampExperiments":{"2157":{"type":2,"id":1157802,"name":"RNBoldColorQuotaButton","slot":4},"1907":{"type":2,"id":1146360,"name":"VisualStateProvider_Win","slot":5},"13":{"type":2,"id":77066,"name":"ACFooterGoPremiumDimeExperiment"},"12":{"type":2,"id":45328,"name":"ShowKFMinFRE_v2"}},"Settings":{"0":"Prod"}},"Headers":{"ETag":"\"HBS3JCUpdkkEv8G0nk/croYDlwt3skgNgv2ycAzujTE=\"","Expires":"Sat, 16 Dec 2023 04:00:32 GMT","CountryCode":"US","StatusCode":"200"},"ConfigIDs":{"ECS":"P-R-54894-1-3,P-R-53736-1-8","ODSP_Sync_Client":"P-E-1157802-C1-9,P-E-1146360-T2-8,P-E-77066-A2-7,P-R-80526-3-4,P-R-69229-1-2,P-D-27657-4-3"},"EventToConfigIdsMapping":{"ODSP_Sync_Client":{"experiments":"P-E-1157802-C1-9"}}}