{"ECS":{"DisableConfigLog":true,"CacheExpiryInMin":720},"ODSP_Sync_Client":{"Ramps":{"1449":true,"1468":false,"13":false,"14":true,"12":true,"0":true},"RampExperiments":{"1449":{"type":2,"id":1081439,"name":"FirstUploadLowCostSKUToast","slot":1},"1468":{"type":2,"id":1086724,"name":"DiamondIconInGMSButtonExperience","slot":4},"13":{"type":2,"id":77066,"name":"ACFooterGoPremiumDimeExperiment"},"12":{"type":2,"id":45328,"name":"ShowKFMinFRE_v2"}},"Settings":{"0":"Prod"}},"Headers":{"ETag":"\"uBReI+zcPUBHhPwTV43++tkla6F+A0pL1p4CV+5BLlY=\"","Expires":"Wed, 17 May 2023 02:26:48 GMT","CountryCode":"US","StatusCode":"200"},"ConfigIDs":{"ECS":"P-R-54894-1-3,P-R-53736-1-8","ODSP_Sync_Client":"P-E-1081439-T2-13,P-E-1086724-C1-8,P-E-77066-A2-7,P-R-80526-3-4,P-R-69229-1-2,P-D-27657-4-3"},"EventToConfigIdsMapping":{"ODSP_Sync_Client":{"experiments":"P-E-1081439-T2-13,P-E-1086724-C1-8"}}}