{"ECS":{"DisableConfigLog":true,"CacheExpiryInMin":720},"ODSP_Sync_Client":{"Ramps":{"1725":true,"1563":false,"13":false,"14":true,"12":true,"0":true},"RampExperiments":{"1725":{"type":2,"id":1109255,"name":"SkipPreScanInFRE","slot":4},"1563":{"type":2,"id":1103196,"name":"Trial100GBExperience","slot":1},"13":{"type":2,"id":77066,"name":"ACFooterGoPremiumDimeExperiment"},"12":{"type":2,"id":45328,"name":"ShowKFMinFRE_v2"}},"Settings":{"0":"Prod"}},"Headers":{"ETag":"\"drV6NlcFOGGsogWX8i9HENOOPmSx+OdFoTUtH0BuN2w=\"","Expires":"Fri, 14 Jul 2023 02:21:29 GMT","CountryCode":"US","StatusCode":"200"},"ConfigIDs":{"ECS":"P-R-54894-1-3,P-R-53736-1-8","ODSP_Sync_Client":"P-E-1109255-T2-5,P-E-1103196-C1-10,P-E-77066-A2-7,P-R-80526-3-4,P-R-69229-1-2,P-D-27657-4-3"},"EventToConfigIdsMapping":{"ODSP_Sync_Client":{"experiments":"P-E-1109255-T2-5,P-E-1103196-C1-10"}}}