﻿<?xml version="1.0" encoding="utf-8"?>
<root>
  <update throttle="100" rescan="1440" currentversion="24.116.0609.0005" maxapplicable="24.116.0609.0004" minapplicable="16.000.0000.0000" maxrandomdelay="360" absolutedelay="4320" useractivedelay="7" maxidlechecks="6">
    <binary sha1hash="iPmonJFhLG1DJsVCu3O8C02zDPE=" sha256hash="9GtWdJ5mNTijC+RniTQVZJNNL/v/pHeTkIzMluCzSsw=" url="https://oneclient.sfx.ms/Win/Installers/24.116.0609.0005/OneDriveSetup.exe" />
    <amd64binary sha1hash="mM+W3mLbCO3HAu1cGD4a4PdRQGw=" sha256hash="pVnIUqbb+sPBwmFmV98Hf9z6dBhT2VIESe9Va6yktNU=" url="https://oneclient.sfx.ms/Win/Installers/24.116.0609.0005/amd64/OneDriveSetup.exe" />
    <arm64binary sha1hash="bXrWME5g0j+2Yu+QZVB18bmw1Cg=" sha256hash="6ekQqi4QRB/baeFaPbG3nvM6HepCSjA3Km3M1QvM9eU=" url="https://oneclient.sfx.ms/Win/Installers/24.116.0609.0005/arm64/OneDriveSetup.exe" />
  </update>
  <update throttle="50" rescan="1440" currentversion="24.126.0623.0001" maxapplicable="24.126.0623.0000" minapplicable="16.000.0000.0000" maxrandomdelay="360" absolutedelay="4320" useractivedelay="7" maxidlechecks="6">
    <binary sha1hash="6omSbykLEK4doI3xsIxQJaaELg8=" sha256hash="xPrIwNdJpDK0sfMSwzCZZuUSnJFMDoHv00yYngQ7kSE=" url="https://oneclient.sfx.ms/Win/Installers/24.126.0623.0001/OneDriveSetup.exe" />
    <amd64binary sha1hash="zQAWUCy2xhROnilmK/hV7Wn949g=" sha256hash="mn47o2nkVqawGVd//XiFHwWvKk1oVEZBJISsQBYzaWQ=" url="https://oneclient.sfx.ms/Win/Installers/24.126.0623.0001/amd64/OneDriveSetup.exe" />
    <arm64binary sha1hash="McBtcdaJLqNm6cYpJYrT+8VIwBg=" sha256hash="hdI31aMQQuLiGJKGN4L6tI3JcqoIOJLTUU66PwdQydo=" url="https://oneclient.sfx.ms/Win/Installers/24.126.0623.0001/arm64/OneDriveSetup.exe" />
  </update>
  <update throttle="1" rescan="1440" currentversion="24.128.0625.0001" maxapplicable="24.999.9999.9999" minapplicable="16.000.0000.0000" maxrandomdelay="360" absolutedelay="4320" useractivedelay="7" maxidlechecks="6" experimentoffset="82" experimentsize="3">
    <binary sha1hash="nD05up/CCUka8qBKCiPeMqp6nt4=" sha256hash="2bHdJSXoHBEwxjzCgG/dZA1pK6BFjp1fi5ib1YZ5TLs=" url="https://oneclient.sfx.ms/Win/Installers/24.128.0625.0001/OneDriveSetup.exe" />
    <amd64binary sha1hash="FaxMno+WxwhgWI4jVykIkNegago=" sha256hash="joVggAELAoBMuDD5Q3+aOHqfky+yXVnZAUsoVGjWkvM=" url="https://oneclient.sfx.ms/Win/Installers/24.128.0625.0001/amd64/OneDriveSetup.exe" />
    <arm64binary sha1hash="d3tHRHl9fzSQkQ6K7ZFRAJ+NC+s=" sha256hash="XwMRwowij1fCdOjXX+li3ZA+FlJBLEVv2rfH/08w3IA=" url="https://oneclient.sfx.ms/Win/Installers/24.128.0625.0001/arm64/OneDriveSetup.exe" />
  </update>
</root>