﻿<?xml version="1.0" encoding="utf-8"?>
<root>
  <update throttle="100" rescan="1440" currentversion="24.156.0804.0002" maxapplicable="24.156.0804.0001" minapplicable="16.000.0000.0000" maxrandomdelay="360" absolutedelay="4320" useractivedelay="7" maxidlechecks="6">
    <binary sha1hash="R8N3LMYH7LXN+Q0vN9MSVTg9L9g=" sha256hash="0O4STlGaVQOdppWPfg/X3IEul1kRky3YzRI83h/aZMM=" url="https://oneclient.sfx.ms/Win/Installers/24.156.0804.0002/OneDriveSetup.exe" />
    <amd64binary sha1hash="NtIUKM+jUqXDDBu14w5x+H7jXfg=" sha256hash="syN2JD2meHDg/wA9KKNSB66r6JgNSJQWuW5/oyJGNa0=" url="https://oneclient.sfx.ms/Win/Installers/24.156.0804.0002/amd64/OneDriveSetup.exe" />
    <arm64binary sha1hash="8l+u+yprxbU9AoWCV+Gdip6woRQ=" sha256hash="mXCCOHtFGYjMSt4GYQVrzPBmB41vmrPXFflQtpkgeas=" url="https://oneclient.sfx.ms/Win/Installers/24.156.0804.0002/arm64/OneDriveSetup.exe" />
  </update>
  <update throttle="25" rescan="1440" currentversion="24.161.0811.0001" maxapplicable="24.999.9999.9999" minapplicable="16.000.0000.0000" maxrandomdelay="360" absolutedelay="4320" useractivedelay="7" maxidlechecks="6">
    <binary sha1hash="UYEHsd7zcls6PJpHidYNS5F1CjI=" sha256hash="iJAzNXsLOXMdY8PNRRHxK5m7oNMFOPIKxjgjVo9b8cM=" url="https://oneclient.sfx.ms/Win/Installers/24.161.0811.0001/OneDriveSetup.exe" />
    <amd64binary sha1hash="f37/EBniOXDk+01C1Qy84TJMbQU=" sha256hash="ypDumThb+A1pJFh4dXqkusRXlvRorxTWV3dJNPXm4u4=" url="https://oneclient.sfx.ms/Win/Installers/24.161.0811.0001/amd64/OneDriveSetup.exe" />
    <arm64binary sha1hash="VTWqdKPe5JMyhcF7HDykNnIbytc=" sha256hash="yeMTCPusln8GvjvA7M+T/uiH2HWXr/LoNcgTURpILmE=" url="https://oneclient.sfx.ms/Win/Installers/24.161.0811.0001/arm64/OneDriveSetup.exe" />
  </update>
</root>