﻿<?xml version="1.0" encoding="utf-8"?>
<root>
  <update throttle="100" rescan="1440" currentversion="24.141.0714.0003" maxapplicable="24.141.0714.0002" minapplicable="16.000.0000.0000" maxrandomdelay="360" absolutedelay="4320" useractivedelay="7" maxidlechecks="6">
    <binary sha1hash="/pPGxl/QJF5rcPxKOeG6wy0vHiM=" sha256hash="WaX79rg+dhudZLzkKtAzMVhnPW97i6n2cn+IVw9GZy4=" url="https://oneclient.sfx.ms/Win/Installers/24.141.0714.0003/OneDriveSetup.exe" />
    <amd64binary sha1hash="1CAf/pMujIwJR2Ct/Xci7DCfJxg=" sha256hash="H9Tz1ojiksPwFPYRypjui38l7eWVJ6q3Yi9mKZZ2u2k=" url="https://oneclient.sfx.ms/Win/Installers/24.141.0714.0003/amd64/OneDriveSetup.exe" />
    <arm64binary sha1hash="7Ev+GBbsGciW2KPjmHoHoeCMsrY=" sha256hash="GOu0N4E+qxVHS8Y2Lj/00xzM6NkOnvyxZNzeXtSQtzA=" url="https://oneclient.sfx.ms/Win/Installers/24.141.0714.0003/arm64/OneDriveSetup.exe" />
  </update>
  <update throttle="10" rescan="1440" currentversion="24.146.0721.0002" maxapplicable="24.999.9999.9999" minapplicable="16.000.0000.0000" maxrandomdelay="360" absolutedelay="4320" useractivedelay="7" maxidlechecks="6">
    <binary sha1hash="OQGK5iSmXuNtOacQnKRLOqxfu28=" sha256hash="m1zzMtlFNxkyrNo/FPwJsm5pFxb/SIiQ3K+gaiSn7a8=" url="https://oneclient.sfx.ms/Win/Installers/24.146.0721.0002/OneDriveSetup.exe" />
    <amd64binary sha1hash="oIRaGXRoOFl4WJ6I+Mh76cllbJI=" sha256hash="eqcQujy7zViJ8tqVO1378zPUvLC7h1F4yijNDBDjP+8=" url="https://oneclient.sfx.ms/Win/Installers/24.146.0721.0002/amd64/OneDriveSetup.exe" />
    <arm64binary sha1hash="LhyBh17bLifF1/2TmtsIe6aBznA=" sha256hash="ekGL+qU1tLasWSyzHns3/xe8kFJwP7lEarwqgESA7EY=" url="https://oneclient.sfx.ms/Win/Installers/24.146.0721.0002/arm64/OneDriveSetup.exe" />
  </update>
</root>