{"ECS":{"DisableConfigLog":true,"CacheExpiryInMin":720},"ODSP_Sync_Client":{"Ramps":{"3040":true,"2355":false,"13":false,"14":true,"12":true,"0":true},"RampExperiments":{"3040":{"type":2,"id":1276784,"name":"FlyoutCalmerLouderStatesExperimentV2","slot":3},"2355":{"type":2,"id":1271629,"name":"AccountTransferExperiment","slot":4},"13":{"type":2,"id":77066,"name":"ACFooterGoPremiumDimeExperiment"},"12":{"type":2,"id":45328,"name":"ShowKFMinFRE_v2"}},"Settings":{"2728":"1,0","0":"Prod"},"SettingExperiments":{"2728":{"type":2,"id":1256751,"name":"Campaign50GBToast","group":1,"slot":4}}},"Headers":{"ETag":"\"RNIomUHjiA7Oo+bfYtGsHXsAOLuvCdIIBH80wlAu/8k=\"","Expires":"Sat, 24 Aug 2024 02:27:10 GMT","CountryCode":"US","StatusCode":"200"},"ConfigIDs":{"ECS":"P-R-54894-1-3,P-R-53736-1-8","ODSP_Sync_Client":"P-E-1276784-T2-7,P-E-1271629-C1-10,P-E-1256751-T2-8,P-E-77066-A2-7,P-R-80526-3-4,P-R-69229-1-2,P-D-27657-4-3"}}