{"ECS":{"DisableConfigLog":true,"CacheExpiryInMin":720},"ODSP_Sync_Client":{"Ramps":{"3332":false,"3287":true,"3127":false,"3040":true,"2355":false,"13":false,"14":true,"12":true,"0":true},"RampExperiments":{"3332":{"type":2,"id":1456294,"name":"syncgraphmetadataexperiment","slot":1},"3287":{"type":2,"id":1441699,"name":"OpenExplorerIfSameTeamsiteSyncing","slot":1},"3127":{"type":2,"id":1434471,"name":"SCOOBEOverQuotaExperience","slot":4},"3040":{"type":2,"id":1276784,"name":"FlyoutCalmerLouderStatesExperimentV2","slot":3},"2355":{"type":2,"id":1271629,"name":"AccountTransferExperiment","slot":4},"13":{"type":2,"id":77066,"name":"ACFooterGoPremiumDimeExperiment"},"12":{"type":2,"id":45328,"name":"ShowKFMinFRE_v2"}},"Settings":{"2728":"1,0","0":"Prod"},"SettingExperiments":{"2728":{"type":2,"id":1256751,"name":"Campaign50GBToast","group":1,"slot":4}}},"Headers":{"ETag":"\"8TZ1I7AHJaTcPwAjMmaYL8LGCTJ0fIPGZJwYK11OoAI=\"","Expires":"Sat, 02 Nov 2024 03:22:51 GMT","CountryCode":"US","StatusCode":"200"},"ConfigIDs":{"ECS":"P-R-54894-1-3,P-R-53736-1-8","ODSP_Sync_Client":"P-E-1456294-C1-3,P-E-1441699-T2-5,P-E-1434471-C1-7,P-E-1276784-T2-7,P-E-1271629-C1-10,P-E-1256751-T2-8,P-E-77066-A2-7,P-R-80526-3-4,P-R-69229-1-2,P-D-27657-4-3"},"EventToConfigIdsMapping":{"ODSP_Sync_Client":{"experiments":"P-E-1456294-C1-3,P-E-1441699-T2-5,P-E-1434471-C1-7"}}}