﻿<?xml version="1.0" encoding="utf-8"?>
<root>
  <update throttle="100" rescan="1440" currentversion="24.126.0623.0001" maxapplicable="24.126.0623.0000" minapplicable="16.000.0000.0000" maxrandomdelay="360" absolutedelay="4320" useractivedelay="7" maxidlechecks="6">
    <binary sha1hash="6omSbykLEK4doI3xsIxQJaaELg8=" sha256hash="xPrIwNdJpDK0sfMSwzCZZuUSnJFMDoHv00yYngQ7kSE=" url="https://oneclient.sfx.ms/Win/Installers/24.126.0623.0001/OneDriveSetup.exe" />
    <amd64binary sha1hash="zQAWUCy2xhROnilmK/hV7Wn949g=" sha256hash="mn47o2nkVqawGVd//XiFHwWvKk1oVEZBJISsQBYzaWQ=" url="https://oneclient.sfx.ms/Win/Installers/24.126.0623.0001/amd64/OneDriveSetup.exe" />
    <arm64binary sha1hash="McBtcdaJLqNm6cYpJYrT+8VIwBg=" sha256hash="hdI31aMQQuLiGJKGN4L6tI3JcqoIOJLTUU66PwdQydo=" url="https://oneclient.sfx.ms/Win/Installers/24.126.0623.0001/arm64/OneDriveSetup.exe" />
  </update>
  <update throttle="1" rescan="1440" currentversion="24.132.0701.0002" maxapplicable="24.999.9999.9999" minapplicable="16.000.0000.0000" maxrandomdelay="360" absolutedelay="4320" useractivedelay="7" maxidlechecks="6" experimentoffset="85" experimentsize="3">
    <binary sha1hash="lAxLOWTSoXTGgC2UZclsoBR/Nd8=" sha256hash="qwMC8heUJX7adDa24d3mW3KzbhZj0Flh9cZBtr7DKiE=" url="https://oneclient.sfx.ms/Win/Installers/24.132.0701.0002/OneDriveSetup.exe" />
    <amd64binary sha1hash="dfCOFFL6ALMsBqbsNw4OWlGygow=" sha256hash="+bORtWDlowxvyMAGeumCDx0Q1C+rzMIrOJLU/+uqh8k=" url="https://oneclient.sfx.ms/Win/Installers/24.132.0701.0002/amd64/OneDriveSetup.exe" />
    <arm64binary sha1hash="PZ97TCt53ayckGu2p4RhhoDhDo4=" sha256hash="WEsQ+UPQM9wSsKgPWf3xfSWqCOrPy8eud8q53uh4//M=" url="https://oneclient.sfx.ms/Win/Installers/24.132.0701.0002/arm64/OneDriveSetup.exe" />
  </update>
</root>