{"Campaigns" : [{"CampaignId" : "b44891ef-eac4-4883-9be6-5f73a1961d4b","CampaignState" : "{\"EventCounters\" : [{\"Count\" : 0,\"Name\" : \"FpsSurveyForExperiments\"}],\"ExtraData\" : \"{\\\"ExperimentsTriggerSequence\\\" : [],\\\"FirstTriggerTime\\\" : [0,false],\\\"SeenExperiments\\\" : []}\"}","IsNominated" : false,"LastNominationTime" : "2024-11-01T13:40:15Z","LastSurveyShownTime" : "1970-01-01T00:00:00Z"},{"CampaignId" : "343904b4-40ae-4129-96f2-e6a8353b68c4","CampaignState" : "{\"EventCounters\" : [{\"Count\" : 0,\"Name\" : \"KnownFolderFileOperation\"}],\"ExtraData\" : \"\"}","IsNominated" : false,"LastNominationTime" : "1970-01-01T00:00:00Z","LastSurveyShownTime" : "1970-01-01T00:00:00Z"},{"CampaignId" : "37010caf-3edf-4416-9e98-f5b4c3c7a8b7","CampaignState" : "{\"EventCounters\" : [{\"Count\" : 0,\"Name\" : \"ActiveUsageAction\"}],\"ExtraData\" : \"{\\\"TriggerSequence\\\" : []}\"}","IsNominated" : false,"LastNominationTime" : "1970-01-01T00:00:00Z","LastSurveyShownTime" : "1970-01-01T00:00:00Z"},{"CampaignId" : "1c5e8b4a-2c2f-4a36-b5ae-ce4eb526baf4","CampaignState" : "{\"EventCounters\" : [{\"Count\" : 0,\"Name\" : \"ActiveUsageAction\"}],\"ExtraData\" : \"{\\\"TriggerSequence\\\" : []}\"}","IsNominated" : false,"LastNominationTime" : "1970-01-01T00:00:00Z","LastSurveyShownTime" : "1970-01-01T00:00:00Z"},{"CampaignId" : "4750eb1b-1d8a-41f7-922f-facd7d04f548","CampaignState" : "{\"EventCounters\" : [{\"Count\" : 0,\"Name\" : \"ActiveUsageAction\"}],\"ExtraData\" : \"\"}","IsNominated" : false,"LastNominationTime" : "1970-01-01T00:00:00Z","LastSurveyShownTime" : "1970-01-01T00:00:00Z"},{"CampaignId" : "05255a89-826d-47fd-ad30-198a62e4d5aa","CampaignState" : "{\"EventCounters\" : [{\"Count\" : 0,\"Name\" : \"ContextualExperiment\"}],\"ExtraData\" : \"\"}","IsNominated" : false,"LastNominationTime" : "2024-11-01T13:40:15Z","LastSurveyShownTime" : "1970-01-01T00:00:00Z"},{"CampaignId" : "092b8d95-cf3f-4172-a11b-f5bbc03077ac","CampaignState" : "{\"EventCounters\" : [{\"Count\" : 0,\"Name\" : \"ActiveUsageAction\"}],\"ExtraData\" : \"\"}","IsNominated" : false,"LastNominationTime" : "1970-01-01T00:00:00Z","LastSurveyShownTime" : "1970-01-01T00:00:00Z"}],"LastSurveyShownTime" : "1970-01-01T00:00:00Z"}